{
    "ACH": {
        "precision": 0.908695652173913,
        "recall": 0.9457013574660633,
        "f1-score": 0.9268292682926829,
        "support": 221
    },
    "ATE": {
        "precision": 0.8636363636363636,
        "recall": 0.95,
        "f1-score": 0.9047619047619048,
        "support": 40
    },
    "BOR": {
        "precision": 0.75,
        "recall": 0.75,
        "f1-score": 0.75,
        "support": 20
    },
    "CAL": {
        "precision": 0.9340659340659341,
        "recall": 0.9497206703910615,
        "f1-score": 0.9418282548476454,
        "support": 179
    },
    "LOC": {
        "precision": 0.8109243697478992,
        "recall": 0.8693693693693694,
        "f1-score": 0.8391304347826087,
        "support": 222
    },
    "TAM": {
        "precision": 0.8106796116504854,
        "recall": 0.8835978835978836,
        "f1-score": 0.8455696202531645,
        "support": 189
    },
    "micro avg": {
        "precision": 0.8608695652173913,
        "recall": 0.9092996555683123,
        "f1-score": 0.8844221105527638,
        "support": 871
    },
    "macro avg": {
        "precision": 0.8463336552124324,
        "recall": 0.8913982134707297,
        "f1-score": 0.868019913823001,
        "support": 871
    },
    "weighted avg": {
        "precision": 0.862007637841179,
        "recall": 0.9092996555683123,
        "f1-score": 0.8848526025837827,
        "support": 871
    },
    "training_time": 616.8375427722931
}